{
  "revenue": 2505946.311779811,
  "profit_for_period": 465145.2076898075,
  "operating_profit": 1034064.953844973,
  "basic_eps": 1.665942530454548,
  "total_assets": 10424268.491249643,
  "total_liabilities": 5080161.380530068,
  "total_equity": 5152758.5367784,
  "gross_profit": 1950170.858692524,
  "ebitda": 1452450.3051057192,
  "net_cash_flow": 494882.17963087064,
  "report_type": "Interim",
  "audit_status": "Unaudited",
  "company_name": "Dynamic Holdings Co.",
  "company_symbol": "PKME"
}